{
	"name": "Sprite5",
	"plugin-id": "Sprite",
	"sid": 253215753271317,
	"isGlobal": false,
	"instanceVariables": [],
	"behaviorTypes": [],
	"effectTypes": [],
	"animations": {
		"items": [
			{
				"frames": [
					{
						"width": 250,
						"height": 254,
						"originX": 0.5,
						"originY": 0.5,
						"originalSource": "",
						"exportFormat": "lossless",
						"exportQuality": 0.8,
						"fileType": "image/png",
						"imageSpriteId": 9360713,
						"collisionPoly": {
							"points": [
								0.572,
								0,
								0.676,
								0.05511811023622047,
								1,
								0.5866141732283464,
								1,
								0.6889763779527559,
								0.908,
								0.9488188976377953,
								0.432,
								1,
								0.032,
								0.9094488188976378,
								0,
								0.6968503937007874,
								0,
								0.5905511811023622,
								0.108,
								0.32677165354330706,
								0.156,
								0.2795275590551181
							]
						},
						"useCollisionPoly": true,
						"duration": 1,
						"tag": ""
					}
				],
				"sid": 308117209259430,
				"name": "Animation 1",
				"isLooping": false,
				"isPingPong": false,
				"repeatCount": 1,
				"repeatTo": 0,
				"speed": 5
			}
		],
		"subfolders": []
	}
}