{
	"name": "Sprite2",
	"plugin-id": "Sprite",
	"sid": 312413951133519,
	"isGlobal": false,
	"instanceVariables": [],
	"behaviorTypes": [],
	"effectTypes": [],
	"animations": {
		"items": [
			{
				"frames": [
					{
						"width": 1024,
						"height": 1024,
						"originX": 0.5,
						"originY": 0.5,
						"originalSource": "",
						"exportFormat": "lossless",
						"exportQuality": 0.8,
						"fileType": "image/png",
						"imageSpriteId": 5497458,
						"collisionPoly": {
							"points": [
								0.9375,
								0.40625,
								1,
								0.53125,
								1,
								0.65625,
								0.9375,
								0.78125,
								0.875,
								0.84375,
								0.8125,
								0.875,
								0.125,
								0.875,
								0.0625,
								0.78125,
								0,
								0.65625,
								0,
								0.53125,
								0.1875,
								0,
								0.5,
								0
							]
						},
						"useCollisionPoly": true,
						"duration": 1,
						"tag": ""
					}
				],
				"sid": 397719592714476,
				"name": "Animation 1",
				"isLooping": false,
				"isPingPong": false,
				"repeatCount": 1,
				"repeatTo": 0,
				"speed": 5
			}
		],
		"subfolders": []
	}
}