{
	"name": "Sprite3",
	"plugin-id": "Sprite",
	"sid": 752185951142245,
	"isGlobal": false,
	"instanceVariables": [],
	"behaviorTypes": [
		{
			"behaviorId": "solid",
			"name": "Solid",
			"sid": 877482364486042
		}
	],
	"effectTypes": [],
	"animations": {
		"items": [
			{
				"frames": [
					{
						"width": 1024,
						"height": 1024,
						"originX": 0.5,
						"originY": 0.5,
						"originalSource": "",
						"exportFormat": "lossless",
						"exportQuality": 0.8,
						"fileType": "image/png",
						"imageSpriteId": 4870206,
						"collisionPoly": {
							"points": [
								0.25,
								0,
								0.78125,
								0,
								0.96875,
								0.09375,
								1,
								0.125,
								1,
								0.8125,
								0.875,
								0.9375,
								0.75,
								1,
								0.25,
								1,
								0.03125,
								0.875,
								0,
								0.84375,
								0,
								0.15625
							]
						},
						"useCollisionPoly": true,
						"duration": 1,
						"tag": ""
					}
				],
				"sid": 589940088466379,
				"name": "Animation 1",
				"isLooping": false,
				"isPingPong": false,
				"repeatCount": 1,
				"repeatTo": 0,
				"speed": 5
			}
		],
		"subfolders": []
	}
}