[["Sprite",{"animations":"{\"expanded\":true,\"subfolders\":[]}"}],["Sprite2",{"animations":"{\"expanded\":true,\"subfolders\":[]}"}],["Sprite3",{"animations":"{\"expanded\":true,\"subfolders\":[]}"}],["Sprite4",{"animations":"{\"expanded\":true,\"subfolders\":[]}"}],["Sprite5",{"animations":"{\"expanded\":true,\"subfolders\":[]}"}],["Sprite6",{"animations":"{\"expanded\":true,\"subfolders\":[]}"}],["Sprite7",{"animations":"{\"expanded\":true,\"subfolders\":[]}"}],["Sprite8",{"animations":"{\"expanded\":true,\"subfolders\":[]}"}],["Sprite9",{"animations":"{\"expanded\":true,\"subfolders\":[]}"}],["Sprite10",{"animations":"{\"expanded\":true,\"subfolders\":[]}"}],["Sprite12",{"animations":"{\"expanded\":true,\"subfolders\":[]}"}],["Sprite11",{"animations":"{\"expanded\":true,\"subfolders\":[]}"}],["Sprite13",{"animations":"{\"expanded\":true,\"subfolders\":[]}"}]]