{"propertiesBar":{"properties":[{"name":"About","expanded":true,"children":[]},{"name":"Colors","expanded":true,"children":[]},{"name":"Startup","expanded":true,"children":[]},{"name":"Display","expanded":true,"children":[{"name":"Viewport size","expanded":false,"children":[]}]},{"name":"Advanced","expanded":false,"children":[]},{"name":"Compatibility settings","expanded":false,"children":[]},{"name":"Editor","expanded":true,"children":[]}],"scrollPosition":0},"openTabs":{"active":{"name":"Intro Screen","type":"layout"},"open":[{"name":"Intro Screen","type":"layout"},{"name":"Intro Event Sheet","type":"eventSheet"},{"name":"Game Start Screen","type":"layout"},{"name":"Start Event Sheet","type":"eventSheet"}]},"previewEffects":true,"previewBrowser":"default","pauseOnUnfocus":false,"projectBar":{"name":"<root>","children":[{"name":"Halloween Game","expanded":true,"children":[{"name":"Layouts","expanded":true,"children":[{"name":"Intro Screen","expanded":true,"children":[]},{"name":"Game Start Screen","expanded":true,"children":[]},{"name":"Level One","expanded":true,"children":[]}]},{"name":"Event sheets","expanded":true,"children":[{"name":"Intro Event Sheet","expanded":true,"children":[]},{"name":"Level One Event Sheet","expanded":true,"children":[]},{"name":"Start Event Sheet","expanded":true,"children":[]}]},{"name":"Scripts","expanded":true,"children":[]},{"name":"Object types","expanded":true,"children":[{"name":"Audio","expanded":true,"children":[]},{"name":"HTMLElement","expanded":true,"children":[]},{"name":"iframe","expanded":true,"children":[]},{"name":"Mouse","expanded":true,"children":[]},{"name":"ProgressBar","expanded":true,"children":[]},{"name":"Sprite","expanded":true,"children":[]},{"name":"Sprite10","expanded":true,"children":[]},{"name":"Sprite11","expanded":true,"children":[]},{"name":"Sprite12","expanded":true,"children":[]},{"name":"Sprite13","expanded":true,"children":[]},{"name":"Sprite2","expanded":true,"children":[]},{"name":"Sprite3","expanded":true,"children":[]},{"name":"Sprite4","expanded":true,"children":[]},{"name":"Sprite5","expanded":true,"children":[]},{"name":"Sprite6","expanded":true,"children":[]},{"name":"Sprite7","expanded":true,"children":[]},{"name":"Sprite8","expanded":true,"children":[]},{"name":"Sprite9","expanded":true,"children":[]},{"name":"Text","expanded":true,"children":[]},{"name":"Text2","expanded":true,"children":[]},{"name":"TiledBackground","expanded":true,"children":[]},{"name":"TiledBackground2","expanded":true,"children":[]},{"name":"TiledBackground3","expanded":true,"children":[]},{"name":"Video","expanded":true,"children":[]}]},{"name":"Families","expanded":true,"children":[]},{"name":"Timelines","expanded":true,"children":[{"name":"Eases","expanded":false,"children":[]},{"name":"Timeline 1","expanded":true,"children":[]}]},{"name":"Flowcharts","expanded":true,"children":[]},{"name":"Sounds","expanded":true,"children":[{"name":"click.webm","expanded":true,"children":[]},{"name":"loading.webm","expanded":true,"children":[]}]},{"name":"Music","expanded":true,"children":[]},{"name":"Videos","expanded":true,"children":[]},{"name":"Fonts","expanded":true,"children":[]},{"name":"Icons & screenshots","expanded":true,"children":[{"name":"icon-128.png","expanded":true,"children":[]},{"name":"icon-16.png","expanded":true,"children":[]},{"name":"icon-256.png","expanded":true,"children":[]},{"name":"icon-32.png","expanded":true,"children":[]},{"name":"icon-512.png","expanded":true,"children":[]},{"name":"icon-64.png","expanded":true,"children":[]},{"name":"loading-logo.png","expanded":true,"children":[]}]},{"name":"Files","expanded":true,"children":[]}]}]},"propertiesBarActiveObject":{"name":"Intro Screen","type":"layout"}}