{
	"name": "Intro Event Sheet",
	"events": [
		{
			"eventType": "block",
			"conditions": [
				{
					"id": "every-x-seconds",
					"objectClass": "System",
					"sid": 803606191109382,
					"parameters": {
						"interval-seconds": "5.0"
					}
				}
			],
			"actions": [
				{
					"id": "go-to-layout-by-name",
					"objectClass": "System",
					"sid": 369943862715630,
					"parameters": {
						"layout": "\"Game Start Screen\""
					}
				}
			],
			"sid": 489757994481113
		},
		{
			"eventType": "block",
			"conditions": [
				{
					"id": "on-start-of-layout",
					"objectClass": "System",
					"sid": 427573625393991
				}
			],
			"actions": [
				{
					"id": "play-by-name",
					"objectClass": "Audio",
					"sid": 240659184552968,
					"parameters": {
						"folder": "sounds",
						"audio-file-name": "\"loading\"",
						"loop": "not-looping",
						"volume": "0",
						"stereo-pan": "0",
						"tag-optional": "\"\""
					}
				}
			],
			"sid": 980422489069265
		}
	],
	"sid": 404138756711313
}