{
	"name": "Start Event Sheet",
	"events": [
		{
			"eventType": "block",
			"conditions": [
				{
					"id": "on-object-clicked",
					"objectClass": "Mouse",
					"sid": 874763481601792,
					"parameters": {
						"mouse-button": "left",
						"click-type": "clicked",
						"object-clicked": "Sprite3"
					}
				}
			],
			"actions": [
				{
					"id": "go-to-layout-by-name",
					"objectClass": "System",
					"sid": 969779817500578,
					"parameters": {
						"layout": "\"Level One\""
					}
				}
			],
			"sid": 783603704332583
		},
		{
			"eventType": "block",
			"conditions": [
				{
					"id": "cursor-is-over-object",
					"objectClass": "Mouse",
					"sid": 465517185469096,
					"parameters": {
						"object": "Sprite3"
					}
				}
			],
			"actions": [
				{
					"id": "set-cursor-style",
					"objectClass": "Mouse",
					"sid": 601597949419190,
					"parameters": {
						"cursor-style": "hand"
					}
				}
			],
			"sid": 579632246568945
		},
		{
			"eventType": "block",
			"conditions": [
				{
					"id": "cursor-is-over-object",
					"objectClass": "Mouse",
					"sid": 155360529759668,
					"parameters": {
						"object": "Sprite7"
					}
				}
			],
			"actions": [
				{
					"id": "set-cursor-style",
					"objectClass": "Mouse",
					"sid": 285765141321047,
					"parameters": {
						"cursor-style": "normal"
					}
				}
			],
			"sid": 531054538085531
		},
		{
			"eventType": "block",
			"conditions": [
				{
					"id": "on-object-clicked",
					"objectClass": "Mouse",
					"sid": 828515351178512,
					"parameters": {
						"mouse-button": "left",
						"click-type": "clicked",
						"object-clicked": "Sprite3"
					}
				}
			],
			"actions": [
				{
					"id": "play-by-name",
					"objectClass": "Audio",
					"sid": 902857555272008,
					"parameters": {
						"folder": "sounds",
						"audio-file-name": "\"click\"",
						"loop": "not-looping",
						"volume": "0",
						"stereo-pan": "0",
						"tag-optional": "\"\""
					}
				}
			],
			"sid": 323446972482119
		},
		{
			"eventType": "block",
			"conditions": [
				{
					"id": "on-start-of-layout",
					"objectClass": "System",
					"sid": 460395229735981
				}
			],
			"actions": [
				{
					"id": "stop-all",
					"objectClass": "Audio",
					"sid": 123743503369626
				}
			],
			"sid": 807743854581803
		}
	],
	"sid": 636600125546824
}